{
  "hash": "5c68ec73",
  "configHash": "860e426e",
  "lockfileHash": "a5512764",
  "browserHash": "05644738",
  "optimized": {
    "@angular/common": {
      "src": "../../../../../../node_modules/@angular/common/fesm2022/common.mjs",
      "file": "@angular_common.js",
      "fileHash": "8ddb06fe",
      "needsInterop": false
    },
    "@angular/common/http": {
      "src": "../../../../../../node_modules/@angular/common/fesm2022/http.mjs",
      "file": "@angular_common_http.js",
      "fileHash": "ccb4f010",
      "needsInterop": false
    },
    "@angular/core": {
      "src": "../../../../../../node_modules/@angular/core/fesm2022/core.mjs",
      "file": "@angular_core.js",
      "fileHash": "2863ee5a",
      "needsInterop": false
    },
    "@angular/forms": {
      "src": "../../../../../../node_modules/@angular/forms/fesm2022/forms.mjs",
      "file": "@angular_forms.js",
      "fileHash": "aca4c237",
      "needsInterop": false
    },
    "@angular/platform-browser": {
      "src": "../../../../../../node_modules/@angular/platform-browser/fesm2022/platform-browser.mjs",
      "file": "@angular_platform-browser.js",
      "fileHash": "2ec528d9",
      "needsInterop": false
    },
    "@angular/router": {
      "src": "../../../../../../node_modules/@angular/router/fesm2022/router.mjs",
      "file": "@angular_router.js",
      "fileHash": "df8585cc",
      "needsInterop": false
    }
  },
  "chunks": {
    "chunk-I56QQK4M": {
      "file": "chunk-I56QQK4M.js"
    },
    "chunk-MWJ76KEP": {
      "file": "chunk-MWJ76KEP.js"
    },
    "chunk-4ZICNT4A": {
      "file": "chunk-4ZICNT4A.js"
    },
    "chunk-6PDN4FSY": {
      "file": "chunk-6PDN4FSY.js"
    },
    "chunk-PR7ILNDV": {
      "file": "chunk-PR7ILNDV.js"
    }
  }
}