{
  "hash": "423b17d6",
  "configHash": "150a9b5c",
  "lockfileHash": "94101136",
  "browserHash": "418af15f",
  "optimized": {
    "@angular/common": {
      "src": "../../../../../../node_modules/@angular/common/fesm2022/common.mjs",
      "file": "@angular_common.js",
      "fileHash": "dbb7406e",
      "needsInterop": false
    },
    "@angular/common/http": {
      "src": "../../../../../../node_modules/@angular/common/fesm2022/http.mjs",
      "file": "@angular_common_http.js",
      "fileHash": "6d74848b",
      "needsInterop": false
    },
    "@angular/core": {
      "src": "../../../../../../node_modules/@angular/core/fesm2022/core.mjs",
      "file": "@angular_core.js",
      "fileHash": "1439d64f",
      "needsInterop": false
    },
    "@angular/forms": {
      "src": "../../../../../../node_modules/@angular/forms/fesm2022/forms.mjs",
      "file": "@angular_forms.js",
      "fileHash": "a165ad25",
      "needsInterop": false
    },
    "@angular/platform-browser": {
      "src": "../../../../../../node_modules/@angular/platform-browser/fesm2022/platform-browser.mjs",
      "file": "@angular_platform-browser.js",
      "fileHash": "d44a1f21",
      "needsInterop": false
    },
    "@angular/router": {
      "src": "../../../../../../node_modules/@angular/router/fesm2022/router.mjs",
      "file": "@angular_router.js",
      "fileHash": "cedbd63a",
      "needsInterop": false
    }
  },
  "chunks": {
    "chunk-LJPTBGYC": {
      "file": "chunk-LJPTBGYC.js"
    },
    "chunk-4PZT4FJX": {
      "file": "chunk-4PZT4FJX.js"
    },
    "chunk-WZN72O4X": {
      "file": "chunk-WZN72O4X.js"
    },
    "chunk-DP7Y4572": {
      "file": "chunk-DP7Y4572.js"
    },
    "chunk-NJ4CSD6C": {
      "file": "chunk-NJ4CSD6C.js"
    }
  }
}