{
  "hash": "a5d4e328",
  "configHash": "6ed46bcb",
  "lockfileHash": "94101136",
  "browserHash": "c5e15092",
  "optimized": {
    "@angular/common": {
      "src": "../../../../../../node_modules/@angular/common/fesm2022/common.mjs",
      "file": "@angular_common.js",
      "fileHash": "c7039151",
      "needsInterop": false
    },
    "@angular/common/http": {
      "src": "../../../../../../node_modules/@angular/common/fesm2022/http.mjs",
      "file": "@angular_common_http.js",
      "fileHash": "b2ca9d43",
      "needsInterop": false
    },
    "@angular/core": {
      "src": "../../../../../../node_modules/@angular/core/fesm2022/core.mjs",
      "file": "@angular_core.js",
      "fileHash": "ddbea174",
      "needsInterop": false
    },
    "@angular/forms": {
      "src": "../../../../../../node_modules/@angular/forms/fesm2022/forms.mjs",
      "file": "@angular_forms.js",
      "fileHash": "0a939df2",
      "needsInterop": false
    },
    "@angular/platform-browser": {
      "src": "../../../../../../node_modules/@angular/platform-browser/fesm2022/platform-browser.mjs",
      "file": "@angular_platform-browser.js",
      "fileHash": "c440bfe9",
      "needsInterop": false
    },
    "@angular/router": {
      "src": "../../../../../../node_modules/@angular/router/fesm2022/router.mjs",
      "file": "@angular_router.js",
      "fileHash": "57f2434d",
      "needsInterop": false
    }
  },
  "chunks": {
    "chunk-BXX3AIYT": {
      "file": "chunk-BXX3AIYT.js"
    },
    "chunk-FE7KMD64": {
      "file": "chunk-FE7KMD64.js"
    },
    "chunk-ZCU5MUHG": {
      "file": "chunk-ZCU5MUHG.js"
    },
    "chunk-J2JPVRMB": {
      "file": "chunk-J2JPVRMB.js"
    },
    "chunk-NJ4CSD6C": {
      "file": "chunk-NJ4CSD6C.js"
    }
  }
}